<?xml version="1.0" encoding="utf-8"?>
<Window size="410,350" bktrans="true" linkfontcolor="#FF3fb2f5" caption="0,0,0,40" roundcorner="2,1" xmlns="http://tempuri.org/skin.xsd">
  <Font name="微软雅黑" size="12" default="true" />
  <Font name="微软雅黑" size="14" />

  <Default name="Button" value="normalimage=&quot;file='common/btn_normal.png' source='0,0,72,34'&quot; hotimage=&quot;file='common/btn_hover.png' source='0,0,72,34'&quot; pushedimage=&quot;file='common/btn_pushed.png' source='0,0,72,34'&quot;" />

  <VerticalLayout bkcolor="#FFD1E8F5" bkimage="file='common/windows_bg.png' corner='3,40,3,3'" inset="1,1,1,1">

    <TitleBar height="38" caption="关于" showicon="false" font="1" showmin="true" showmax="true" showclose="true"/>
  
    <VerticalLayout  name="VerticalLayoutUI1" inset="20,0,30,0" >
      <Text text="快盘是国内最早的云存储产品之一，提供在多台电脑、手机等移动设备、云存储之间同步数据服务，真正实现“文件永不丢失、随时随地查看”" showhtml="true" textcolor="#FF8b8b8b"  padding="0,25,0,0"/>
      <Text text="关注我们的 {a http:t.sina.com.cn/kuaipan}新浪微博{/a} | {a http:t.qq.com/jinshankuaipan}腾讯微博{/a} 以获得最新动态" showhtml="true" padding="0,50,0,0" textcolor="#FF8b8b8b"/>
      <Text name="version" text="版本号：1.0.0.1" showhtml="true" padding="0,30,0,0" textcolor="#FF8b8b8b"/>
      <Text name="" text="版权所有 深圳市迅雷网络技术有限公司" padding="0,10,0,0" textcolor="#FF8b8b8b"/>
    </VerticalLayout>

    <HorizontalLayout height="42" padding="0,0,0,0" >
      <Control />
      <Button name="OK" text="确定" padding="0,7,0,0" textcolor="#FFFFFFFF" width="74" height="28" disabledtextcolor="#FFFFFFFF" normalimage="file='common/green_btn.png' source='0,0,106,35' corner='2,2,2,2'" hotimage="file='common/green_btn.png' source='106,0,212,35' corner='2,2,2,2'" pushedimage="file='common/green_btn.png' source='212,0,318,34' corner='2,2,2,2'" disabledimage="file='common/green_btn.png' source='318,0,424,34' corner='2,2,2,2'"/>
      <Control width="10" />
    </HorizontalLayout>
  </VerticalLayout>


</Window>
