<?xml version="1.0" encoding="utf-8"?>
<Window size="568,393" mininfo="568,393" maxinfo="568,393" caption="0,0,0,393" xmlns="http://tempuri.org/skin.xsd">
	<Font name="微软雅黑" size="14" default="true" />

	<VerticalLayout bkimage="file='main/bkg.png'">
		<Container height="83"/>
		<HorizontalLayout height="23">
			<Container width="525"/>
			<Button 
				name="close" width="23" height="23" 
				normalimage="file='main/close1.png'" hotimage="file='main/close2.png'" pushedimage="file='main/close2.png'"
				/>
		</HorizontalLayout>
		<Container height="210"/>
		<VerticalLayout height="57">
			<HorizontalLayout>
				<Container width="36"/>
				<VerticalLayout inset="20,0,20,0">
					<Label name="message" align="center|vcenter" padding="0,3,0,3"/>
					<Container height="10">
					<Progress
						name="progress_normal" visible="false"
						bkimage="file='main\prog1.png' corner='5,5,5,5'" 
						foreimage="file='main\prog2.png' corner='5,5,5,5'" 
						min="0" max="140"
						/>
					<Progress 
						name="progress_error" visible="false"
						bkimage="file='main\prog1.png' corner='5,5,5,5'" 
						foreimage="file='main\prog3.png' corner='5,5,5,5'" 
						min="0" max="140"
						/>
					</Container>
				</VerticalLayout>
				<Container width="11"/>
			</HorizontalLayout>			
		</VerticalLayout>
	</VerticalLayout>  
</Window>
