<?xml version="1.0" encoding="utf-8"?>
<!-- 
  字符串资源文件   
  为便于管理请遵循以下规则：
  1. 按功能或者模块分为一个Group，通用型的放到common组内
  2. name对应字符串id，value对应字符串值，在代码中通过DUI_LOAD_STRING宏加载，直接传递对应name即可,如DUI_LOAD_STRING(STRID_COMMON_SAMPLE)
  3. 字符串资源命名规则为 STRID_(GROUP NAME)_***.
-->
<StringResources>
	<Group name="Common">
        <string name="STRID_APPFULLNAME" value="快盘" />
        <string name="STRID_COMMON_SAMPLE" value="Sample resource string." />
		<string name="STRID_LOGING" value="正在登录..." />
		<string name="STRID_SPACE_INFO" value="%s/%.2fGB 已使用%.1f%%" />
		<string name="STRID_INIT" value="正在初始化数据" />
		<string name="STRID_INDEXING" value="正在查找文件变化" />
		<string name="STRID_SYNC_PAUSE" value="同步已暂停" />
		<string name="STRID_SYNC_GENERATE" value="正在生成任务" />
		<string name="STRID_SYNC_STOP" value="同步已停止" />
		<string name="STRID_SYNC_ERROR" value="同步遇到问题" />
		<string name="STRID_SYNC_CHECK" value="正在校验文件变化" />

		<string name="STRID_NEED_LOGIN" value="请登录快盘..." />
		<string name="STRID_LOGIED" value="快盘登录成功" />
		<string name="STRID_APPNAME" value="快盘" />

		<string name="STRID_FEEDBACK_TYPE" value="请选择一个您要反馈的问题类型" />
		<string name="STRID_FEEDBACK_DESC" value="您还没有填写问题描述" />
		<string name="STRID_FEEDBACK" value="反馈问题" />
    <string name="STR_FEEDBACK_DEFAULT" value="详细描述您遇到的问题，有助于我们快速分析定位原因，帮您解决问题，比如：
1.具体描述遇到了什么问题?
2.问题出现前您做过什么操作?" />
		<string name="STRID_AUTOSHUTDOWN_TIP" value="请注意保存您的文档，快盘同步完成后将自动关机!" />
		<string name="STRID_AUTOSHUTDOWN_TITLE" value="快盘关机提醒" />

		<string name="STRID_UPGRADE_QUERY_FAILED" value="查询更新信息失败" />
		<string name="STRID_BTN_LOGIN" value="登录快盘" />

		<string name="STRID_SYNC_SPACEFULL" value="空间已满"/>

		<string name="STRID_VERSION" value="版本号：%s"/>
		<string name="STRID_CUR_VERSION" value="当前版本：%s"/>

		<string name="STRID_MERGE_FILE" value="合并文件%d%%"/>
		<string name="STRID_VERIFY_FILE" value="校验文件%d%%"/>

        <string name="STRID_FAVORITES_LNKDESC" value="一个用于保存重要文件的安全备份位置。"/>

        <string name="STRID_NEWUSER_GUIDE" value="快盘新手入门"/>
		<string name="STRID_NEWUSER_GUIDE_OLD" value="新手入门"/>
        <string name="STRID_NEWUSER_GUIDE_DESC" value="双击可打开快盘的新手入门教程。"/>
        <string name="STRID_DATA_LOADING" value="正在加载数据..." />
		<string name="STRID_RESTART_EXPLORER" value="是否立即重启资源管理器（Explorer）进程使快盘组件生效？" />
		<string name="STRID_ME" value="我" />

		<string name="STRID_HISTORY_VER_FILE" value="(修改时间 %s)" />

		<string name="STRID_AUTOUSER_TXT" value="您的体验账号信息.txt" />
		<string name="STRID_AUTOUSER_FMT" value="体验账号：%s\r\n密码: %s\r\n\r\n\r\n" />
		<string name="STRID_AUTOUSER_DESC" value="您正在使用的是快盘体验账号，为了能使用更多功能和更大的空间，建议您立即修改为您容易记住的账号和密码。" />
		<string name="STRID_AUTOUSER_CHANGE_FAILED" value="修改账号失败，请重试..." />

		<string name="STRID_KUAIPAN_USER" value="快盘账号" />
		<string name="STRID_OPT_CANCLE" value="操作被用户取消" />

		<string name="STRID_AUTOUSER_CHANGED" value="账号已修改成功" />
		<string name="STRID_LANTRANSPORT" value="快盘局域网传输" />

    <string name="STRID_BATCH_CREATE_FOLDER_FMT" value="正在批量创建%d个目录" />
    <string name="STRID_BATCH_DELETE_FOLDER_FMT" value="正在批量删除%d个目录" />
    <string name="STRID_BATCH_UPLOAD_FILE_FMT" value="正在批量上传%d个文件" />
    <string name="STRID_BATCH_DOWNLOAD_FILE_FMT" value="正在批量下载%d个文件" />    
    <string name="STRID_BATCH_DELETE_FILE_FMT" value="正在批量删除%d个文件" />    
	</Group>

	<!--        气泡相关字符串        -->
	<Group name="Balloon">
		<string name="STR_BN_SYNCING" value="正在同步%d个文件" />
		<string name="STR_BN_SYNCED" value="所有文件都同步好了" />
		<string name="STR_BN_SYNC_ERR" value="共有%d个文件同步遇到问题" />
		<string name="STR_BN_SYNC_PAUSE" value="快盘已暂停同步" />
		<string name="STR_BN_DETAIL" value="查看详情" />
		<string name="STR_BN_SYNCING2" value="正在同步..." />
		<string name="STR_BN_DISCONNECT" value="网络已断开" />
		<string name="STR_BN_SVRBUSY" value="服务器忙，稍后尝试恢复" />
		<string name="STR_BN_SVR_CONN_ERROR" value="同步遇到网络问题，稍后自动重试" />

		<string name="STR_BN_OVERSPACE_TITLE" value="快盘 - 空间满啦" />
		<string name="STR_BN_OVERSPACE_CONTENT" value="您的快盘空间已满，请及时清理" />
		<string name="STR_BN_CLEAN_SPACE" value="释放空间" />
		<string name="STR_BN_SPACE_FREE_GET" value="可免费升级的空间：共%dG" />
		<string name="STR_BN_DOWNLOADPREVERFILE_FIN_TITEL" value="历史版本下载完成" />
		<string name="STR_BN_DOWNLOADPREVERFILE_FIN_CONTENT" value="文件 %s 下载完成" />
		<string name="STR_BN_FILESIZE_LIMIT" value="{p}%s{/p}{p} {/p}文件大于4GB，无法同步。" />
		<string name="STR_BN_FILESIZE_LIMIT_TITLE" value="有%d个文件大于4GB，无法同步" />
		<string name="STR_BN_FAIL_DOWNLOAD" value="有%d个文件，下载失败" />
		<string name="STR_BN_FAIL_UPLOAD" value="有%d个文件，上传失败" />

		<string name="STR_BN_FILE_LOCKED" value="有%d个文件被占用，请关闭后重试" />
		<string name="STR_BN_LOCAL_OVERSPACE_CONTENT" value="您的本地空间已满，请及时清理" />
		<string name="STR_BN_IM_VIEW" value="立即查看" />
		<string name="STR_BN_BALLOON_CLOSE" value="关闭" />
		<string name="STR_BN_SYNCTIMER_TIP" value="已设置定时同步"/>
		<string name="STR_BN_SYNCTIMER_INFO" value="将在%s:%s开始进行同步"/>
		<string name="STR_BN_SYNCTIMER_COMMAND" value="修改设置"/>

        <string name="STR_BN_FRIEND_OVERSPACE_CONTENT" value="好友%s的空间已满" />
        <string name="STR_BN_DR_LOCAL_OVERSPACE" value="“%s”盘剩余空间不足%dMB" />
        <string name="STR_BN_DR_LOCAL_ARRANG_DISK" value="整理文件" />
        <string name="STR_BN_DR_LOCAL_DESC" value="检查本地空间" />
        <string name="STR_BN_DR_REMOTE_DESC" value="检查快盘空间" />
        <string name="STR_BN_DR_REMOTE_OVERSPACE" value="您的快盘剩余空间不足%dMB" />
        <string name="STR_BN_DR_REMOTE_UPGRADESPACE" value="升级空间" />
        <string name="STR_BN_DR_REMOTE_CLEANRECYCLE" value="清理回收站" />
        <string name="STR_BN_DR_LOCAL_DATABASE_DESC" value="检查本地配置文件状态" />
        <string name="STR_BN_DR_LOCAL_DATABASE_CORRUPT" value="本地配置文件损坏"/>
        <string name="STR_BN_DR_RESTART_AND_REPAIR_DB" value="重启快盘并启动修复"/>
        <string name="STR_BN_DR_MOVE_SYNCPATH" value="迁移同步位置"/>
        <string name="STR_BN_DR_DISK_TO_FOLDER" value="转换为文件夹模式"/>
        <string name="STR_BN_DR_LOCAL_INVALID_PATH" value="本地文件路径过长或包含特殊字符"/>
        <string name="STR_BN_DR_BROWSE_TO_FILE" value="打开所在目录并手工处理"/>
        <string name="STR_BN_DR_COPY_FILE_PATH" value="将出错的文件路径拷贝到剪贴板"/>
    </Group>

	<Group name="login">
		<string name="STRID_LOGIN_TITLE" value="登录" />
		<string name="STRID_LOGIN_LOGING" value="正在登录..." />
		<string name="STRID_LOGIN_NOT_MATCH" value="用户名或密码错误" />
		<string name="STRID_LOGIN_PASSWORD_ERR" value="密码错误，请注意解锁密码不一定是登录密码" />
		<string name="STRID_LOGIN_NOT_ACTIVE" value="账号未激活" />
		<string name="STRID_LOGIN_FMT_UNKNOW_ERR"  value="登录失败，未知错误:%u" />
		<string name="STRID_LOGIN_FMT_NETWORK_ERR" value="登录失败，网络错误:%u" />
		<string name="STRID_LOGIN_FMT_HTTP_ERR" value="登录失败，Http错误:%u" />
		<string name="STRID_LOGIN_TIMEOUT" value="网络请求超时，请检查网络。" />
		<string name="STRID_LOGIN_COULDTCONNECTERR" value="无法链接远程服务器，请检查网络。"/>
		<string name="STRID_LOGIN_CREATEDEFAULTFOLDER" value="创建“%s”文件夹和服务器保持一致" />
		<string name="STRID_LOGIN_SELECTPATH" value="请选择一个文件夹，此文件夹下的文件将会被自动同步到存储服务器" />
    <string name="STR_LOGIN_ACT_NOTACTIVE" value="为了保障您的数据安全，需要验证您的邮箱（%s）是否能收到我们的邮件" />

		<string name="STRID_LOGIN_SELECTDIR_ROOT_WARN" value="我们不推荐您将整个%c盘作为快盘同步位置，因为：{p}*%c盘里的文件可能都会上传一次，需要很长的时间；{/p}{p}*网络上的空间可能装不下%c盘里的文件。{/p}{p}请选择一个文件夹。{/p}" />
		<string name="STRID_LOGIN_SELECTDIR_SHARE_WARN" value="我们不推荐您选择协作文件夹作为同步位置。{p}请选择一个本地文件夹！{/p}" />
		<string name="STRID_LOGIN_SYNC_SELECTDIR_HINT_DIRNOTEMPTY" value= "您选的文件夹下已经有文件了，将它们也上传到快盘服务器吗？" />
		<string name="STRID_LOGIN_SELECTDIR_HINT_UPLOADEXIST" value="接下来快盘会把“%s”里的文件上传到服务器。{p}请注意：{/p}{p}*这个文件夹并没有被另外复制一份出来，它们还是在原处。{/p}{p}*您可以在“我的电脑”中找到“快盘”，它的作用是帮助您快速进入这个文件夹。{/p}" />
		<string name="STRID_LOGIN_SELECTDIR_HINT_LAST" value="进入快盘后，如果您添加、删除、更改了文件，快盘程序也会对网上的文件重复一遍您所做的事情。{p}所以，在删除您的文件时，请谨慎。{/p}" />
		<string name="STRID_LOGIN_NORIGHTERR" value="所选文件夹权限不足，请选择其他文件夹。" />
		<string name="STRID_LOGIN_DISKINFO_FORMAT" value="本地磁盘%s盘，总大小%dG，剩余空间%dG" />
		<string name="STRID_LOGIN_DISKSIZE_FORMAT" value="请输入1-%d之间的数字" />
		<string name="STRID_LOGIN_DISKINFO_FILENAME" value="【重要】这里是快盘虚拟磁盘镜像文件，请不要删除.txt" />
		<string name="STRID_LOGIN_VDISK_CREATE_ERR_FMT" value="创建虚拟盘失败.错误码:%x" />
		<string name="STRID_LOGIN_VDISK_MOUNT_ERR" value="加载虚拟盘失败,请尝试重新登录快盘" />
		<string name="STRID_LOGIN_VDISK_PWD" value="%s在虚拟硬盘的文件受到密码保护，请先输入解锁密码"/>
    <string name="STRID_LOGIN_VDISK_CREATING" value="正在创建虚拟盘，请稍候..." />
    <string name="STRID_LOGIN_VDISK_OFFLINEOPEN" value="正在加载虚拟盘..." />
		<string name="STRID_LOGIN_VDISK_NORIGHT" value="检测到镜像文件没有写入权限，已修复。请尝试重新登录快盘。" />
		<string name="STRID_LOGIN_MOUNT_CLICK" value="点击加载" />
		<string name="STRID_LOGIN_QQACCOUNT" value="(QQ账号)" />
		<string name="STRID_LOGIN_QQLOGIN_TIP_FMT" value="请使用“%s”登录" />
		<string name="STRID_LOGIN_QQLOGIN_TIP" value="请使用对应的QQ号进行登录" />
		<string name="STRID_LOGIN_QQLOGIN_BIND_TIP" value="或使用对应的QQ号进行登录" />
		<string name="STRID_LOGIN_QQLOGIN_BIND_TIP_FMT" value="或使用“%s”登录" />
		<string name="STRID_LOGIN_SINALOGIN_TIP_FMT" value="请使用“%s”登录" />
		<string name="STRID_LOGIN_SINALOGIN_TIP" value="请使用对应的新浪帐号进行登录" />
		<string name="STRID_LOGIN_SINALOGIN_BIND_TIP" value="或使用对应的新浪帐号进行登录" />
		<string name="STRID_LOGIN_SINALOGIN_BIND_TIP_FMT" value="或使用“%s”登录" />
		<string name="STRID_LOGIN_QQACCOUNTNOTSAME" value="登录的不是同一个QQ账号" />
		<string name="STRID_LOGIN_SINAACCOUNTNOTSAME" value="登录的不是同一个新浪账号" />
		<string name="STRID_LOGIN_ACNT_ALREADY" value="账号已经注册，{a}立即登录{/a}" />
		<string name="STRID_LOGIN_REGISTER_UNKNOW_ERR_FORMAT" value="注册失败，未知错误:%u" />
		<string name="STRID_LOGIN_REGISTER" value="正在注册..." />
		<string name="STRID_LOGIN_DELUSER_TITLE" value="删除账号" />
		<string name="STRID_LOGIN_MAKESUREDELFILES" value="您确定要删除此账号在这台电脑的所有文件？" />
    <string name="STRID_LOGIN_OPENPATH_FAIL_TIP_FMT" value="未找到“%ws”账号的本地文件，无法离线打开。" />
    <string name="STRID_LOGIN_OPENPATH_LOCK_TIP_FMT" value="“%ws”账号的本地文件被锁定，请点击登录页面下拉菜单,选择该账号，解锁后离线打开。" />
    <string name="STRID_LOGIN_OPENPATH_FAIL_TITLE" value="离线打开失败" />
    <string name="STRID_LOGIN_OPENPATH_FAIL_CAPTION" value="离线打开" />
		<string name="STRID_LOGIN_OUT_TITLE" value="切换账号" />
		<string name="STRID_LOGIN_OUT_QUESTION" value="您确定要切换账号么？" />
		<string name="STRID_LOGIN_OUT_DESCRIPTION" value="切换账号后，此账号的文件将无法通过快盘同步，但不会删除您快盘同步目录中的任何文件。" />

		<string name="STRID_LOGIN_USER_CHANGE" value="系统检测到您已经更改了账号，请重新登录" />
		<string name="STRID_LOGIN_MOUNTING" value="正在加载虚拟盘，请稍候..." />
		<string name="STRID_LOGIN_XMUSER_FMT" value="%s(小米)" />
		<string name="STRID_LOGIN_PATH_LOCKED" value="当前路径已被锁定，请选择其他路径作为同步目录" />
		<string name="STRID_LOGIN_LOCK_PATH_ERROR" value="请求错误，锁定文件夹失败" />
		<string name="STRID_LOGIN_PATH_PWD" value="%s在电脑上的文件受到密码保护，请先输入解锁密码"/>
		<string name="STRID_LOGIN_PATH_ACCOUNT_DISABLED" value="输入密码错误次数过多，请明天再试！" />
		<string name="STRID_LOGIN_PATH_PWD_ERROR_FMT" value="密码错误，请重试，今天还能重试%d次" />
		<string name="STRID_LOGIN_PATH_UNLOCK_ERROR" value="文件夹解锁失败" />
    <string name="STRID_LOGIN_FORCE_UNLOCKED" value="您的文件夹锁已强制解除，请进入快盘后重新设置锁定密码！" />
    <string name="STRID_LOGIN_NEWUSER_FINISH_LABEL" value="放入第一个文件，体验新鲜的网盘" />
    <string name="STRID_LOGIN_OLDUSER_FINISH_LABEL" value="一切就绪，开始使用快盘吧！" />
    <string name="STRID_LOGIN_NEWUSER_FINISH_BUTTON_TEXT" value="找找需要用快盘备份的文档" />
    <string name="STRID_LOGIN_OLDUSER_FINISH_BUTTON_TEXT" value="打开我的快盘文件夹" />
	</Group>

	<Group name="Options">
		<string name="STRID_OPT_DLGNAME" value="设置" />
		<string name="STRID_OPT_ACCOUNT_HINT" value="请指定一个文件夹，它将成为新的同步文件夹" />
		<string name="STRID_OPT_ACCOUNT_SELECTDIR_INCLUDE_HINT" value="你选择的目录与原绑定目录间存在相互包含关系，为了确保能够成功地迁移目录，请重新选择一个合适的新目录" />
		<string name="STRID_OPT_ACCOUNT_SELECTDIR_NOTENOUGH_SPACE" valie="%lc盘空间不足%.3fGB，请换一个位置。" />
		<string name="STRID_OPT_ACCOUNT_SELECTDIR_HINT_DIRNOTEMPTY" value="确定将此文件夹的文件上传到快盘服务器吗？" />
		<string name="STRID_OPT_ACCOUNT_SELECTDIR_TITLE" value="移动" />
		<string name="STRID_OPT_ACCOUNT_MOVEDIR_TASK_HINT" value="快盘中还有文件正在同步或者正在编辑。{p}为避免在移动文件的过程中产生问题，请先关闭这些文件并等待同步完成。{/p}" />
		<string name="STRID_OPT_ACCOUNT_SELECTDIR_READYMOVE" value="在文件迁移完以前，请先不要使用其中的文件。" />
		<string name="STRID_OPT_ACCOUNT_RESTART" value="移动同步文件夹完成，即将自动为您重启快盘。" />
		<string name="STRID_OPT_ACCOUNT_SELECTDIR_HINT_MOVEFAIL" value="移动同步文件夹时遇到问题，快盘仍然使用%s作为同步位置" />
		<string name="STRID_OPT_ACCOUNT_TAKEPLACE" value="已占用" />
		<string name="STRID_OPT_ACCOUNT_DISKSPACE" value="硬盘空间" />
		<string name="STRID_OPT_ACCOUNT_DISK_HINT"  value="虚拟硬盘(%0.1f G)" />
		<string name="STRID_OPT_ACCOUNT_CLEARCACHE_COUNTING" value="正计算...(%ld 个，%.1lfMB)。" />
		<string name="STRID_OPT_ACCOUNT_CLEARCACHE_CACHEDSIZE" value="当前共有缓存文件%ld 个，大小为%.1lfMB。" />
		<string name="STRID_OPT_ACCOUNT_CLEARCACHE_NONEEDCLEAR" value="当前不需要进行缓存清理。" />
		<string name="STRID_OPT_ACCOUNT_DELDISK_CONFIRM_TITLE" value="接下来将退出您的账号，并且把虚拟硬盘从这台电脑上彻底删除，请您再确认一下：" />
		<string name="STRID_OPT_ACCOUNT_DELDISK_CONFIRM_CONTENT" value="1.我知道托盘菜单中有“切换账号”功能可以临时退出登录；{p}2.我不再使用这台电脑；{/p}{p}3.新的文件都已经上传好了；{/p}{p}4.我知道下次再使用时，会重新下载文件。{/p}{p} {/p}{p}如果确认删除，请点击“确定”按钮。{/p}" />
		<string name="STRID_OPT_ACCOUNT_UNBIND_TITLE" value="解除绑定" />
		<string name="STRID_OPT_ACCOUNT_UNBIND_CONTENT" value="您确定要解除绑定快盘吗？" />
		<string name="STRID_OPT_ACCOUNT_UNBIND_HINT" value="解除绑定后， %s 将不再同步到快盘，您再次登录时需要重新绑定一个同步目录。" />
		<string name="STRID_OPT_ACCOUNT_SETVDPWD" value="设置加密密码" />
		<string name="STRID_OPT_ACCOUNT_MODIFYVDPWD" value="修改加密密码" />
		<string name="STRID_OPT_ACCOUNT_MODIFYEMAIL" value="修改邮箱" />
		<string name="STRID_OPT_ACCOUNT_BINDEMAIL" value="绑定邮箱" />
		<string name="STRID_OPT_PROXY_CHECK_SERVER_OK" value="成功连接到代理服务器" />
		<string name="STRID_OPT_PROXY_CHECK_SERVER_FAILED" value="无法连接到代理服务器" />
		<string name="STRID_OPT_PROXY_NVALID_PORT" value="请指定正确的端口号（介于1到65535之间）。"/>
		<string name="STRID_OPT_PROXY_INVALID_IP" value="您还没有指定代理服务器地址，该地址不能为空。"/>
		<string name="STRID_OPT_PROXY_INVALID_NAME" value="您指定的用户名长度超过256个字符的限制。" />
		<string name="STRID_OPT_PROXY_INVALID_PASSWORD" value="您指定的密码长度超过256个字符的限制。"/>
		<string name="STRID_OPT_ADVANCED_ALREADYHAVE_FORMAT" value="已添加了相同的文件格式！" />
		<string name="STRID_OPT_SETDISKPWD_HINT" value="设置虚拟盘密码需要先关闭虚拟盘并退出当前账号。" />
		<string name="STRID_OPT_MODIFYDISKPWD_HINT" value="修改虚拟盘密码需要先关闭虚拟盘并退出当前账号。" />
		<string name="STRID_CLEARCACHEDLG_DLGNAME"  value="清理缓存" />
		<string name="STRID_CLEARCACHEDLG_CLEARCACHE_ENSURE"  value="确定要删除缓存文件？" />
		<string name="STRID_DELETEFILEDLG_SUCCESS" value="文件删除成功，共删除文件%d个。" />
		<string name="STRID_DELETEFILEDLG_FINPROGRESS" value="删除文件完成(%d/%d)" />
		<string name="STRID_DELETEFILEDLG_PROGRESS" value="正在删除文件，请稍候...(%d/%d)。" />
    <string name="STRID_OPT_COOPERATEFOLDER" value="快盘协作" />
  </Group>
  <Group name="folderTree">
    <string name="STRID_FOLDERTREE_MY_PICTURES"        value="快盘照片" />
    <string name="STRID_FOLDERTREE_MOBILE_PHOTO"       value="移动相册" />
    <string name="STRID_FOLDERTREE_CAMERA_ALBUM"       value="相机相册" />
    <string name="STRID_FOLDERTREE_MOBILE_BACKUP"      value="手机备份" />
    <string name="STRID_FOLDERTREE_MOBILE_APPLICATION" value="应用" />
    <string name="STRID_FOLDERTREE_APPLICATION_DATA"   value="应用数据" />
    <string name="STRID_FOLDERTREE_MOBILE_DOCUMENT"    value="文档" />
    <string name="STRID_FOLDERTREE_MOBILE_MUSIC"       value="音乐" />
    <string name="STRID_FOLDERTREE_MOBILE_OTHER"       value="自定义备份" />
    <string name="STRID_FOLDERTREE_MOBILE_IMAGE"       value="照片" />
    <string name="STRID_FOLDERTREE_MOBILE_VEDIO"       value="视频" />
    <string name="STRID_FOLDERTREE_CAMERA_VEDIO"       value="相机视频" />
    <string name="STRID_FOLDERTREE_MY_VIDEO"           value="快盘视频" />
    <string name="STRID_FOLDERTREE_MY_MUSIC"           value="快盘音乐" />
    <string name="STRID_FOLDERTREE_MY_DOCUMENTS"       value="快盘文档" />
    <string name="STRID_FOLDERTREE_MY_APPLICATION"     value="快盘应用" />
    <string name="STRID_FOLDERTREE_MY_BOOKS"           value="快盘图书" />
    <string name="STRID_FOLDERTREE_WEIXIN"             value="微信收藏" />
    <string name="STRID_FOLDERTREE_SHARE"              value="快盘分享" />
    <string name="STRID_FOLDERTREE_SHARE_SEND"         value="发出的分享" />
    <string name="STRID_FOLDERTREE_SHARE_RECEIVE"      value="收到的分享" />
  </Group>                   
  <Group>
		<string name="STRID_VDPSWMGR_SETPWD"  value="设置密码" />
		<string name="STRID_VDPSWMGR_MODIFYPWD"  value="修改密码" />
		<string name="STRID_VDPSWMGR_EMPTY_OLD"  value="请输入加密盘当前密码。" />
		<string name="STRID_VDPSWMGR_EMPTY_NEW"  value="请输入为加密盘设置的新密码。" />
		<string name="STRID_VDPSWMGR_WRONG_LENGTH"  value="请控制密码长度在6-32位。" />
		<string name="STRID_VDPSWMGR_PSW_NOTSAME"  value="您两次输入的密码不一致，请重新输入。" />
		<string name="STRID_VDPSWMGR_PWDINVAILD"  value="新密码中含有空格字符，请重新输入。" />
		<string name="STRID_VDPSWMGR_MODIFYPSW_SUCCESS_TITLE" value="加密盘密码已经修改！" />
		<string name="STRID_VDPSWMGR_MODIFYPSW_SUCCESS_CONTENT" value="请牢记您新修改的加密盘密码，快盘将在您登录时询问此密码。" />
		<string name="STRID_VDPSWMGR_PSW_WRONG_OLD" value="您输入的加密盘当前密码有误。" />
		<string name="STRID_VDPSWMGR_MODIFYPSW_FAIL" value="修改密码失败。" />
		<string name="STRID_VDPSWMGR_PSW_EMPTY" value="请填写密码。" />
		<string name="STRID_VDPSWMGR_SETPSW_SUCCESS_TITLE" value="您的快盘虚拟硬盘已经成功转换成“加密盘”！" />
		<string name="STRID_VDPSWMGR_SETPSW_SUCCESS_CONTENT" value="请牢记您刚才输入的密码，快盘将在您登录时询问此密码。" />
		<string name="STRID_VDPSWMGR_SETPSW_FAIL" value="设置密码失败。" />
		<string name="STRID_VDPSWMGR_DELPSW_SUCCESS_TITLE" value="已取消加密盘密码。" />
		<string name="STRID_VDPSWMGR_DELPSW_SUCCESS_CONTENT" value="您的快盘下次启动时，不再需要输入密码，将自动登录和挂载虚拟硬盘。" />
		<string name="STRID_VDPSWMGR_PSW_WRONG"      value="密码错误" />
		<string name="STRID_VDPSWMGR_DELPSW_FAIL"    value="取消密码失败。" />
	</Group>

	<Group>
		<string name="STRID_VDTOFDLG_DLGNAME"  value="虚拟盘转文件夹模式" />
		<string name="STRID_VDTOFDLG_FREE_SPACE"  value="当前磁盘剩余：%s 空间" />
		<string name="STRID_VDTOFDLG_USED_SPACE"  value="迁移虚拟盘需：%s 空间" />
		<string name="STRID_VDTOFDLG_NO_SPACE"  value="%s盘空间不足，请选择其它盘的文件夹。" />
		<string name="STRID_VDTOFDLG_DISK_TOFOLDER"  value="正在进行虚拟盘转文件夹操作，请稍候。" />
		<string name="STRID_VDTOFDLG_MOVING_TOFOLDER"  value="正在迁移文件到: %s" />
		<string name="STRID_VDTOFDLG_SELECTDIR_HINT" value="请指定一个文件夹，它将成为新的同步文件夹" />
		<string name="STRID_VDTOFDLG_REBINDPATH_CHOSEFOLDER" value="请选择一个文件夹作为同步文件夹。" />
		<string name="STRID_VDTOFDLG_CALCING_DISKSIZE" value="正在计算迁移虚拟盘所需空间大小...请稍候。" />
		<string name="STRID_VDTOFDLG_MOVING" value="正在迁移目录，请稍候。" />
	</Group>

	<Group>
		<string name="STRID_FOLDERTREE_LOADING"  value="正在获取同步目录，请稍候……" />
		<string name="STRID_FOLDERTREE_LOADSUCCESS"  value="获取同步目录完毕，请选择。" />
		<string name="STRID_FOLDERTREE_LOADFAIL"  value="获取部分目录失败，请点击" />
		<string name="STRID_FOLDERTREE_OFFLINE"  value=" 您的网络好像断开了……" />
		<string name="STRID_FOLDERTREE_NOFOLDER"  value="您没有可以同步到本地的目录。" />
	</Group>

	<Group name="CompressFix">
		<string name="STRID_CMPFIX_PLEASE_WAIT" value="正在修复镜像文件，请稍候..." />
		<string name="STRID_CMPFIX_OVERSPACE" value="%s盘空间不足！无法继续修复操作，请您手动清理出200M以上空间后重试。" />
	</Group>

	<Group name="TrayMenu">
		<string name="STR_MENU_PAUSESYNC" value="暂停同步(&amp;P)" />
		<string name="STR_MENU_RESTARTSYNC" value="恢复同步(&amp;R)" />
		<string name="STR_MENU_FORCESHUTDOWN" value="同步完成后关机" />
		<string name="STR_MENU_CANCELSHUTDOWN" value="取消自动关机" />
	</Group>

	<Group name="Upgrade">
		<string name="STR_UPGRADE_FINISHED" value="下载完成" />
		<string name="STR_UPGRADE_DOWNLOADING" value="正在下载安装包，请稍候退出。" />
		<string name="STR_UPGRADE_COUNTDOWN" value="快盘将在 %d 秒后自动进入安装" />
		<string name="STR_UPGRADE_PERCENTAGE" value="正在下载更新程序，已下载 %d%%" />
		<string name="STR_UPGRADE_NEW_VERSION" value="发现快盘新版本：%s" />
		<string name="STR_UPGRADE_SUCCESSED" value="快盘已升级到最新版本" />
		<string name="STR_UPGRADE_TITLE" value="快盘升级" />
	</Group>

	<Group name="PublicLink">
		<string name="STR_PUBLINK_GETTING" value="正在获取外链..." />
		<string name="STR_PUBLINK_FAILED" value="获取分享链接失败，请重试" />
		<string name="STR_PUBLINK_DELLINK" value="成功取消分享链接                     " />
		<string name="STR_PUBLINK_DELLINK_FAILED" value="取消分享链接失败" />
		<string name="STR_PUBLINK_CODE" value="访问密码：" />
		<string name="STR_PUBLINK_CODELINK" value="{a}生成访问密码{/a}" />
		<string name="STR_PUBLINK_CANCLE_CODELINK" value="{a}取消访问密码{/a}" />

    <string name="STR_PUBLINK_SERVER_ERROR" value="分享服务维护中。" />
    <string name="STR_PUBLINK_SYSTEM_UPGRADING" value="为配合相关部门净网行动，在此期间，快盘将暂停文件外链分享服务。" />
    <string name="STR_PUBLINK_USER_BLOCKED" value="您暂时不能发布外链，具体原因请询问客服。" />
    <string name="STR_PUBLINK_CLAN_EXIST" value="该文件的父目录(或子目录)已被发布为外链。" />
		<string name="STR_PUBLINK_REVIEWING" value="文件名含有敏感词，需要审核后才能开放下载。" />
		<string name="STR_PUBLINK_BAD_FNAME" value="文件名在黑名单中。" />
		<string name="STR_PUBLINK_BAD_SHA1" value="文件内容在黑名单中。" />
		<string name="STR_PUBLINK_TOO_OFTEN" value="发布外链过于频繁，请稍后再试。" />
		<string name="STR_PUBLINK_REJECT" value="该文件审查未通过。" />
		<string name="STR_PUBLINK_EMPTY_FILE" value="该文件内容为空，不能发布外链" />
		<string name="STR_PUBLINK_DEEPTH_OVER_LIMIT" value="文件夹深度或文件数量已达外链最大限制" />
    <string name="STR_PUBLINK_ACNT_NOT_ACTIVE" value="获取分享链接失败，分享之前需要对您的邮箱进行验证。请{a}立即验证{/a}" />
    <string name="STR_PUBLINK_NOT_BIND_EMAIL" value="获取分享链接失败，分享之前需绑定有效的邮箱或手机号。请{a}立即绑定{/a}" />
		<string name="STR_PUBLINK_UNKNOW" value="可能遇到网络问题，请重试。" />

		<string name="STR_PUBLINK_WEIBO_SHARE" value="我正在使用 @快盘 分享了文件 %s，欢迎大家下载分享" />

		<string name="STR_PUBLINK_WEIBO_SHARE_QQ" value="我正在使用 @快盘 分享了文件 %s，欢迎大家下载分享" />
		<string name="STR_PUBLINK_WEIBO_SHARE_RENREN" value="我正在使用 @快盘 分享了文件 %s，欢迎大家下载分享" />

		<string name="STR_PUBLINK_WEIBO_SHARE_TEXT" value="{p}我正在使用 @快盘 分享了文件 %s，欢迎大家下载分享{/p}{p}文件地址：%s{/p}" />
		<!--<string name="STR_PUBLINK_EMAIL_SHARE_TEXT" value="您的好友%s通过快盘给您分享了一个文件“%s”" />
		<string name="STR_PUBLINK_SENDMAIL_SUCCESS" value="已成功发送邮件给对方。" />
		<string name="STR_PUBLINK_SENDMAIL_FAIL" value="给对方发送邮件失败，请稍后重试。" />
		<string name="STR_PUBLINK_EMAILHINT" value="多个邮箱用“;”隔开" />-->
	</Group>

	<Group name="SyncListDlg">
		<string name="STR_SYNCLIST_SYNCING" value="正在同步%s个文件 速度:%s %s" />
		<string name="STR_SYNCLIST_SYNCSUCESS" value="所有文件都同步好了"/>
		<string name="STR_SYNCLIST_PAUSESYNC" value="已暂停同步" />
		<string name="STR_SYNCLIST_SCANNING" value="正在查找文件变化"/>
		<string name="STR_SYNCLIST_BEUSED" value="%d个文件被占用"/>

		<string name="STR_SUCCESSLIST_GETTING" value="正在读取数据"/>
		<string name="STR_SUCCESSLIST_RECORDS" value="共有%d条同步记录" />
		<string name="STR_SUCCESSLIST_JUSTNOW" value="刚刚"/>
		<string name="STR_SUCCESSLIST_MINS" value="%d分钟前"/>
		<string name="STR_SUCCESSLIST_HOURS" value="%d小时前"/>
		<string name="STR_SUCCESSLIST_YESTERDAY" value="昨天"/>
		<string name="STR_SUCCESSLIST_DAYBEFOREYESTERDAY" value="前天"/>
		<string name="STR_SUCCESSLIST_DAY" value="%d天前"/>
		<string name="STR_SUCCESSLIST_WEEK" value="%d周前"/>
		<string name="STR_SUCCESSLIST_MONTH" value="%d个月前"/>
		<string name="STR_SUCCESSLIST_YEAR" value="%d年前"/>
		<string name="STR_SUCCESSLIST_REMOVERECORDS" value="您确定要清除所有记录吗?"/>

		<string name="STR_IGNORELIST_SCANNING" value="正在扫描"/>
		<string name="STR_IGNORELIST_COUNTS" value="共有%d个不同步的文件"/>
		<string name="STR_IGNORELIST_TOOLARGE" value="大于4G的文件"/>
		<string name="STR_IGNORELIST_LONGPATH" value="路径过长的文件"/>
		<string name="STR_IGNORELIST_HAVEPOINT" value="以“.”开头的文件"/>
		<string name="STR_IGNORELIST_SYSTEMFILE" value="以“~$”开头的文件"/>
		<string name="STR_IGNORELIST_SPECIALCHAR" value="含特殊字符的文件"/>
		<string name="STR_IGNORELIST_BADFILE" value="文件已损坏"/>
		<string name="STR_IGNORELIST_USERFILTER" value="用户自定义的忽略文件"/>
	</Group>

	<Group name="BridgePanel">
		<string name="STR_PANEL_SPEED" value="速度: "/>
		<string name="STR_PANEL_FILECOUNT" value="%d个文件"/>
		<string name="STR_PANEL_ALLFILESUCCESS" value="同步已完成"/>
		<string name="STR_PANEL_PAUSESYNC" value="已暂停同步"/>
		<string name="STR_PANEL_SCANNING" value="正在查找文件变化"/>
		<string name="STR_PANEL_SYNCING" value="同步 %s 个文件"/>
        <string name="STR_PANEL_SYNCING_DETAIL" value="同步 %s 个文件"/>
		<string name="STR_PANEL_BEUSED" value="文件被占用"/>
		<string name="STR_PANEL_SYNC" value="正在同步"/>
		<string name="STR_PANEL_SYNCFAIL" value="%d个文件同步失败"/>
		<string name="STR_PANEL_SVRBUSY" value="服务器忙" />

		<!--<string name="STR_PANEL_SHARE_TOSOMEONE" value="文件夹协作"/>
		<string name="STR_PANEL_SHARE_CHOOSEFOLDER" value="请选择一个文件夹来协作"/>
		<string name="STR_PANEL_SHARE_CANSHARE" value="协同工作更轻松"/>
		<string name="STR_PANEL_SHARE_LIMITS" value="父(子)目录已协作"/>
		<string name="STR_PANEL_SHARE_SET" value="协作设置"/>
		<string name="STR_PANEL_SHARE_CHECK" value="可以查看文件夹协作动态"/>-->
		<string name="STR_PANEL_SHARE_EXIT" value="退出协作"/>
		<string name="STR_PANEL_SHARE_EXITDETAIL" value="可以退出文件夹协作"/>
		<string name="STR_PANEL_SHARE_TEXTHTML" value="{p}{x 52}{f 2}%s{/f}{/p}{p}{x 52}{f 0}%s{/f}{/p}"/>

		<string name="STR_PANEL_SYNCTIMER_STRINGVALUE"  value="将在%s:%s开始同步"/>
		<string name="STR_PANEL_SHOWDETAIL" value="详情"/>
		<string name="STR_PANEL_SHOWOPTION" value="定时"/>
		<!--<string name="STR_PANEL_USERNAME" value="%s的快盘" />-->
	</Group>

	<Group name="Share">
		<string name="STR_SHARE_DISSOLUTIONSHARE_CAPTION" value="解散协作" />
		<string name="STR_SHARE_DISSOLUTIONSHARE_TITLE" value="是否解散协作？" />
		<string name="STR_SHARE_DISSOLUTIONSHARE_CONTENT" value="解散协作后文件依旧保留在您的本地，但从其他成员的快盘中删除" />
		<string name="STR_SHARE_CANCELSHARE_CAPTION" value="删除成员" />
		<string name="STR_SHARE_CANCELSHARE_TITLE" value="确定要将“%s”从协作中删除吗？" />
		<string name="STR_SHARE_CANCELSHARE_CONTENT" value="取消协作后，您和好友将无法接收来自对方的更新。" />
		<string name="STR_SHARE_FRIENDSCOUNT" value="已加入成员（%d）" />
		<string name="STR_SHARE_FRIENDS_GETTING" value="正在获取成员..." />
		<string name="STR_SHARE_WEBSITE"  value="http://www.kuaipan.cn/share.htm?s=" />
		<string name="STR_SHARE_OPT_ADD" value="上传了" />
		<string name="STR_SHARE_OPT_JOIN" value="加入协作" />
		<string name="STR_SHARE_OPT_EXIT" value="退出协作" />
		<string name="STR_SHARE_OPT_CANCEL" value="被取消协作" />
		<string name="STR_SHARE_OPT_MODIFY" value="更新了" />
		<string name="STR_SHARE_OPT_DELETE" value="删除了" />
		<string name="STR_SHARE_EMAILHINT" value="多个邮箱或手机号用“;”隔开" />
		<string name="STR_SHAREFAIL_CAPTION" value="协作失败" />
		<string name="STR_SHAREFAIL_HINT" value="由于网络原因， 给 %s协作失败。" />
		<string name="STR_SHAREFAIL_OVERSPACE_HINT" value="由于对方空间已满， 给 %s协作失败。" />
		<string name="STR_SHAREFAIL_ACCOUNTNOTMATCH_HINT" value="由于对方未注册， 给 %s协作失败。" />
		<string name="STR_SHARE_COPYREF" value="复 制" />
		<string name="STR_SHARE_RETRY" value="重 试" />
		<string name="STR_SHARE_CREATEREF" value="获取链接" />
		<string name="STR_SHARECANCEL_FAILED" value="{c #FF0000}  取消协作失败，请重试{/c}" />
		<string name="STR_SHARE_SHARETOINFO" value="我和你协作了一些文件，请查收！" />
		<string name="STR_SHARE_EXITED" value="已退出协作" />
		<string name="STR_SHARE_EXIT_FAIL_PLEASE_RETRY" value="退出协作失败，请重试！" />
		<string name="STR_SHARE_EXIT_TITLE" value="退出协作" />
		<string name="STR_SHARE_EXIT_SELECTKEEPFOLDER_TITLE" value="请选择保留文件位置" />
		<string name="STR_SHARE_EXIT_SELECTPATH_INVALID" value="退出协作后的文件不能存放到“我收到的协作”文件夹，请选择其他目录！" />
		<string name="STR_SHARE_RECEIVESHARE_CAPTION" value="接收到新协作" />
		<string name="STR_SHARE_RECEIVESHARE_HINT" value="“%s” 给您协作了文件夹 “%s”。" />
		<string name="STR_SHARE_RECEIVESHARE_DETILE" value="点击查看" />

		<string name="STR_SHARE_EDITDLG_TITLE" value="选择联系人" />
		<string name="STR_SHARE_FRIENDLIST_TITLE_FORMAT" value="可选联系人（%d）" />
		<string name="STR_SHARE_FRIENDLIST_TITLE" value="联系人" />
		<string name="STR_SHARE_APPLAY_SHARE" value="您添加了对%d个联系人协作，并取消了对%d个联系人的协作，确定所做的更改吗？" />
		<string name="STR_SHARE_APPLAY_SHARE_CANCEL" value="您取消了对%d个联系人的协作，确定所做的更改吗？" />

		<string name="STR_SHARE_CREATEREF_FAILHINT" value="由于网络原因获取链接失败，请重试" />
		<string name="STR_SHARE_CREATEREF_HINT" value="点击右侧按钮获取协作链接" />

		<string name="STR_SHARE_DLGTITLE" value="和好友协作——%s" />
		<string name="STR_SHARE_REFSHARED_TITLE" value="获取链接" />
		<string name="STR_SHARE_REFSHARED_TEXT" value="获取协作链接失败" />
		<string name="STR_SHARE_REFSHARED_HINT" value="此文件夹的父目录或子目录已协作，您不能再获取此文件夹的协作链接。" />
		<string name="STR_SHARE_FILESHARED_TITLE" value="协作文件" />
		<string name="STR_SHARE_FILESHARED_TEXT" value="文件协作失败" />
		<string name="STR_SHARE_FILESHARED_HINT" value="此文件夹的父目录或子目录已协作，您不能再协作此文件夹。" />

		<string name="STR_SHARE_BINDEMAIL_TITLE" value="绑定邮箱" />
		<string name="STR_SHARE_BINDEMAIL_TEXT" value="请绑定一个有效邮箱开启协作功能" />
		<string name="STR_SHARE_BINDEMAIL_HINT" value="绑定完成后请重新登录快盘，同时您也可以使用绑定的邮箱和密码来登录快盘。" />
		<string name="STR_SHARE_BINDEMAIL_BIND" value="立即绑定" />
		<string name="STR_SHARE_BINDEMAIL_CANCEL" value="取消" />
		<string name="STR_SHARE_HISTORY_TITLE" value="协作动态" />
		<string name="STR_SHARE_HISTORY_LOAD_MORE" value="{a}点击加载更多{/a}" />
		<string name="STR_SHARE_HISTORY_NET_ERROR" value="{a}因网络错误加载数据失败，点击重试{/a}" />
		<string name="STR_SHARE_REF_NOTOPEN" value="链接未开启，请联系文件夹主人" />
		<string name="STR_SHARE_HISTORY_SET_SHARE" value="{x 4}{a}协作设置{/a}{/x}" />
		<string name="STR_SHARE_HISTORY_VIEW" value="{x 8}{a}查看{/a}{/x}" />
		<string name="STR_SHARE_HISTORY_NEW_MESSAGE_FMT" value="您共有%d条新协作消息" />
		<string name="STR_SHARE_NEW_MESSAGE" value="您有新协作消息，快去看看吧！" />
		<string name="STR_SHARE_NEW_MESSAGE_TITLE" value="您有新协作消息" />
		<string name="STR_SHARE_HISTORY_COUNT" value="共有%d条动态" />
		<string name="STR_SHARE_HISTORY_COUNT_MORE" value="共有%d+条动态" />
		<string name="STR_SHARE_HISTORY_DB_ERROR" value="数据读取失败" />
		<string name="STR_SHARE_HISTORY_UNKNOW_ERROR" value="{a}加载数据失败，点击重试{/a}" />
		<string name="STR_SHARE_HISTORY_DATA_EMPTY" value="无最新协作动态" />

		<string name="STR_SHARE_CLOSEREF_TEXT" value="确定要关闭协作链接么？" />
		<string name="STR_SHARE_CLOSEREF_HINT" value="关闭协作链接后，您只能通过联系人和输入邮箱来手动添加协作。" />
		<string name="STR_SHARE_CLOSEREF" value="关闭链接" />
		<string name="STR_SHARE_RETRY_CLOSEREF" value="重试关闭" />
	</Group>

	<Group name="ShellFolder">
		<string name="STR_SHARE_INBOX_INFOTIP" value="别人给我协作的文件，会出现在这里" />
		<string name="STR_SHARE_USER_INTOTIP" value="来自%s的协作文件" />
		<string name="STR_SHARE_ROOT_FOLDER_INFOTIP" value="这是一个协作文件夹" />
	</Group>

	<Group name="PortableDeviceDlg">
		<string name="STR_PD_INSTALL_SUCCESS" value="安装成功，打开手机立即体验一下吧！" />
		<string name="STR_PD_INSTALL_FAIL" value="抱歉，为您安装Android快盘没有成功。" />
		<string name="STR_PD_DOWNLOAD_FAIL" value="抱歉，下载安装包失败。" />
		<string name="STR_PD_DOWNLOAD_ALREADYHAVE" value="您已经安装快盘了，谢谢您的支持！" />
		<string name="STR_DLGTITLE_ANDROID" value="推荐使用Android快盘" />
		<string name="STR_DLGTITLE_IPHONE" value="推荐使用iPhone快盘" />
		<string name="STR_DLGTITLE_IPAD" value="推荐使用iPad快盘" />
		<string name="STR_DLGTITLE_UNKNOWN" value="推荐使用手机快盘" />
		<string name="STR_PD_WDJ_DOWNLOADING" value="豌豆荚下载中..." />
		<string name="STR_PD_WDJ_FINISH" value="安装完成，推荐使用‘豌豆荚’管理您的手机。" />
		<string name="STR_PD_BTM_SETUP" value="立即安装" />
		<string name="STR_PD_BTN_CLOSE" value="关 闭" />
	</Group>

	<Group name="Account">
		<string name="STR_ACCOUNT_LOCKDESC" value="已设置锁定密码，须输入锁定密码才能打开" />
		<string name="STR_ACCOUNT_UNCONTROLLEDDESC" value="快盘文件夹还未设置锁定密码" />
		<string name="STR_ACCOUNT_BTN_LOCK" value="设置锁定密码" />
		<string name="STR_ACCOUNT_BTN_MODIFYPWD" value="更改锁定密码" />
		<string name="STR_ACCOUNT_BTN_UNLOCK" value="解除锁定密码" />
	</Group>

	<Group name="FolderPwdMgr">
		<string name="STR_FOLDERPWDMGR_TILTE_LOCK" value="设置锁定密码" />
		<string name="STR_FOLDERPWDMGR_TILTE_ALWAYSRELEASELOCK" value="解除锁定密码" />
		<string name="STR_FOLDERPWDMGR_TILTE_RELEASELOCK" value="解锁快盘" />
		<string name="STR_FOLDERPWDMGR_TILTE_MODIFYPWD" value="更改锁定密码" />
		<string name="STR_FOLDERPWDMGR_BTN_SETPWD" value="设置密码" />
		<string name="STR_FOLDERPWDMGR_BTN_RELEASELOCK" value="解除锁定" />
		<string name="STR_FOLDERPWDMGR_EMPTY_OLD"  value="请输入文件夹当前密码。" />
		<string name="STR_FOLDERPWDMGR_EMPTY_NEW"  value="请输入为文件夹设置的新密码。" />
		<string name="STR_FOLDERPWDMGR_WRONG_LENGTH"  value="请输入6-32位锁定密码" />
		<string name="STR_FOLDERPWDMGR_PSW_NOTSAME"  value="您两次输入的密码不一致，请重新输入。" />
		<string name="STR_FOLDERPWDMGR_PWDINVAILD"  value="新密码中含有空格字符，请重新输入。" />
		<string name="STR_FOLDERPWDMGR_MODIFYPSW_SUCCESS_TITLE" value="文件夹锁定密码已经修改！" />
		<string name="STR_FOLDERPWDMGR_MODIFYPSW_SUCCESS_CONTENT" value="请牢记您新修改的文件夹锁定密码，快盘将在您访问快盘文件夹时询问此密码。" />
		<string name="STR_FOLDERPWDMGR_PSW_WRONG" value="密码错误，请重试，今天还能试%d次" />
		<string name="STR_FOLDERPWDMGR_PSW_WRONG_OLD" value="您输入的文件夹锁定密码错误" />
		<string name="STR_FOLDERPWDMGR_ACCOUNT_DISABLED" value="输入密码错误次数过多，请明天再试！" />
		<string name="STR_FOLDERPWDMGR_MODIFYPSW_FAIL" value="修改密码失败, 错误代码：0x%08x。" />
		<string name="STR_FOLDERPWDMGR_SETPSW_SUCCESS_TITLE" value="设置锁定密码成功！" />
		<string name="STR_FOLDERPWDMGR_SETPSW_SUCCESS_CONTENT" value="请牢记您刚才输入的密码，快盘将在您访问快盘文件夹时询问此密码。" />
		<string name="STR_FOLDERPWDMGR_SETPSW_FAIL" value="锁定文件夹失败, 错误代码：0x%08x" />
		<string name="STR_FOLDERPWDMGR_DELPSW_SUCCESS_TITLE" value="已解除文件夹锁定密码。" />
		<string name="STR_FOLDERPWDMGR_DELPSW_SUCCESS_CONTENT" value="您下次访问快盘文件夹时不再需要输入密码。" />
		<string name="STR_FOLDERPWDMGR_DELPSW_FAIL"    value="解除锁定失败, 错误代码：0x%08x。" />
		<string name="STR_FOLDERPWDMGR_BTN_OK" value="确 定" />
		<string name="STR_FOLDERPWDMGR_NODIRVER_TITLE" value="未知错误。" />
		<string name="STR_FOLDERPWDMGR_MOVEROOT_TIP" value="您的快盘文件夹已加锁，请先解除锁定后迁移目录" />
		<string name="STR_FOLDERPWDMGR_DELUSER_TIP" value="您要删除的账号文件夹已加锁，请解除锁定后删除"/>
		<string name="STR_FOLDERPWDMGR_UNBIND_TIP" value="您的快盘文件夹已加锁，请先解除锁定" />
		<string name="STR_FOLDERPWDMGR_LOCK_CONFIRM" value="您是否要锁定您的快盘？" />
		<string name="STR_FOLDERPWDMGR_LOCK_CONFIRM_TIP" value ="锁定后输入锁定密码才能使用快盘。" />
		<string name="STR_FOLDERPWDMGR_UNLOCK_TIP" value="您的快盘文件夹已锁定，请输入锁定密码来打开" />
	</Group>

	<Group name="LockFolderMgr">
		<string name="STR_LOCKFOLDERMGR_TILTE_QUERY" value="您的快盘已加锁" />
		<string name="STR_LOCKFOLDERMGR_NODIRVER_TITLE" value="抱歉，发生未知错误。" />
		<string name="STR_LOCKFOLDERMGR_SETPSW_SUCCESS_TITLE" value="您的快盘已设置锁定密码" />
		<string name="STR_LOCKFOLDERMGR_SETPSW_SUCCESS" value="设置锁定密码成功。" />
		<string name="STR_LOCKFOLDERMGR_SETPSW_FAIL" value="设置锁定密码失败, 错误代码：0x%08x" />
		<string name="STR_LOCKFOLDERMGR_RELSEASE_SUCCESS_TITLE" value="您的快盘未设置锁定密码" />
		<string name="STR_LOCKFOLDERMGR_DELPSW_SUCCESS" value="快盘已解除锁定。" />
		<string name="STR_LOCKFOLDERMGR_CLOSE" value="关闭" />
		<string name="STR_LOCKFOLDERMGR_LOCKNOW" value="立即锁定" />
	</Group>

	<Group name="Lock">
		<string name="STR_APPLOCKED" value="您的快盘已锁定，点击解锁！" />
		<string name="STR_APPUNLOCK" value="立即解锁"/>
	</Group>
	<Group name="TrayIcon">
		<string name="STR_TRAYICON_LOCK" value="锁定快盘(Ctrl+Alt+K)" />
		<string name="STR_TRAYICON_UNLOCK" value="解锁快盘(Ctrl+Alt+K)" />
	</Group>
	<Group name="ProxyErrorBalloon" >
		<string name="STR_PROXY_ERROR_TIPS" value="代理可能不正确，请重新设置。" />
		<string name="STR_BTN_MODIFY_PROXY" value="设置代理" />
	</Group>

	<Group name="LanSendDlg">
		<string name="STR_LAN_MAXCOUNTFILES" value="     最多只能同时传送20个文件。"/>
		<string name="STR_LAN_RESTART_KUAIPAN" value="已成功开启局域网加速，请重启快盘。"/>
		<string name="STR_LAN_CHOOSE" value="选择"/>
		<string name="STR_LAN_DROPFILES" value="或者将需要发送的文件拖放到这里"/>
		<string name="STR_LAN_SPEED" value="速度：%s"/>
		<string name="STR_LAN_CANCEL_TIP" value="您确定要取消？"/>

		<string name="STR_LAN_WAITING" value="等待对方接收"/>
		<string name="STR_SENDFILE_SUCCESS" value="发送成功"/>
		<string name="STR_LAN_LOCAL_CANCEL" value="您已取消发送"/>
		<string name="STR_LAN_REMOTE_CANCEL" value="对方拒绝接收"/>
		<string name="STR_LAN_TIMEOUT" value="对方长时间未接收，超时啦"/>
		<string name="STR_LAN_FAILED" value="发送失败"/>

		<string name="STR_LAN_DIR_NOSUPPORT" value="不支持发送目录"/>
		<string name="STR_LAN_SYS_NOSUPPORT" value="不支持发送系统文件"/>
		<string name="STR_LAN_HIDE_NOSUPPORT" value="不支持发送隐藏文件"/>
		<string name="STR_LAN_EMPTY_NOSUPPORT" value="不支持发送0KB的文件"/>
		<string name="STR_LAN_LARGEFILE_NOSUPPORT" value="不支持发送大于4G的文件"/>
		<string name="STR_LAN_LNK_NOSUPPORT" value="不支持发送快捷方式"/>
	</Group>

	<Group name="LanRecvDlg">
		<string name="STR_LAN_LOCALDIR" value="我接收的文件"/>
		<string name="STR_LAN_CHOOSE_DIR" value="请选择目录："/>
		<string name="STR_LAN_REJECT_TIP" value="您确定要拒绝？"/>
		<string name="STR_LAN_QUIT_TIP" value="您确定要退出？"/>
		<string name="STR_LAN_CANCEL_TEXT" value="取消"/>
		<string name="STR_LAN_RECV_SUCCESS" value="接收成功"/>
		<string name="STR_LAN_LOCALRECV_CANCEL"  value="您已拒绝接收"/>
		<string name="STR_LAN_REMOTERECV_CANCEL" value="对方已取消发送"/>
		<string name="STR_LAN_RECV_TIMEOUT" value="长时间未接收，超时啦"/>
		<string name="STR_LAN_RECV_FAILED" value="接收失败"/>
	</Group>

	<Group name="MessageTipDlg">
		<string name="STR_MSGTIP_CLOSE" value="您确定要关闭？"/>
		<string name="STR_MSGTIP_CANCEL" value="您确定要取消？"/>
		<string name="STR_MSGTIP_SHARE_CANCEL" value="您确定要解散？"/>
	</Group>

  <Group name="specialFolder">
    <string name="STR_SPF_SHAREBOX" value="快盘分享" />
    <string name="STR_SPF_SHAREBOX_RECEIVE" value="收到的分享" />
    <string name="STR_SPF_SHAREBOX_SEND" value="发出的分享" />
    <string name="STR_SPF_PICTURES" value="快盘照片" />
    <string name="STR_SPF_PICTURES_CAMERAALBUM" value="相机相册" />
    <string name="STR_SPF_PICTURES_MOBILEPHOTO" value="移动相册" />
    <string name="STR_SPF_DOCUMENTS" value="快盘文档" />
    <string name="STR_SPF_MUSIC" value="快盘音乐" />
    <string name="STR_SPF_VIDEOS" value="快盘视频" />
    <string name="STR_SPF_VIDEOS_CAMERAALBUM" value="相机视频" />
    <string name="STR_SPF_BOOKS" value="快盘图书" />
    <string name="STR_SPF_APPLICATIONS" value="快盘应用" />
    <string name="STR_SPF_WEIXIN" value="微信收藏" />
    <string name="STR_SPF_MOBILEBACKUP" value="手机备份" />
    <string name="STR_SPF_MOBILEBACKUP_PICTURES" value="照片" />
    <string name="STR_SPF_MOBILEBACKUP_PICTURES_CAMERAALBUM" value="相机相册" />
    <string name="STR_SPF_MOBILEBACKUP_DOCUMENTS" value="文档" />
    <string name="STR_SPF_MOBILEBACKUP_MUSIC" value="音乐" />
    <string name="STR_SPF_MOBILEBACKUP_VIDEOS" value="视频" />
    <string name="STR_SPF_MOBILEBACKUP_VIDEOS_CAMERAALBUM" value="相机视频" />
    <string name="STR_SPF_MOBILEBACKUP_APPLICATIONS" value="应用" />
    <string name="STR_SPF_MOBILEBACKUP_APPLICATIONS_APPDATA" value="应用数据" />
    <string name="STR_SPF_MOBILEBACKUP_OTHER" value="自定义备份" />
  </Group>
  
	<Group name="DataAnalysis">
        <string name="STRID_DATAANALYSIS_DLG"           value="快盘本地文件分析"/>
		<string name="STRID_DATAANALYSIS_LAUNCH_ERROR"      value="抱歉！启动分析发生错误"/>
    <string name="STRID_DATAANALYSIS_CATEGORY_FIRST"    value="您的快盘包含{b}{c #25ab5e}%ld{/c}{/b}个文件,您在快盘用户中是{b}{c #25ab5e}“%s”{/c}{/b} "/>
    <string name="STRID_DATAANALYSIS_CATEGORY_SECOND"   value="您的{b}{c #25ab5e}“%s”{/c}{/b}文件个数占总数的{b}{c #25ab5e}%0.2f%%{/c}{/b}"/>
    <string name="STRID_DATAANALYSIS_LARGEFILE_FIRST"   value="您的快盘所有文件的总大小为{b}{c #25ab5e}%s{/c}{/b}"/>
    <string name="STRID_DATAANALYSIS_LARGEFILE_SECOND"  value="最大的{b}{c #25ab5e}%d{/c}{/b}个文件共{b}{c #25ab5e}%s{/c}{/b}，占所有文件总大小的{b}{c #25ab5e}%0.2f%%{/c}{/b}"/>
    <string name="STRID_DATAANALYSIS_DUPLICATE_FIRST"   value="您的快盘包含{b}{c #25ab5e}%ld{/c}{/b}组重复文件"/>
    <string name="STRID_DATAANALYSIS_DUPLICATE_SECOND"  value="重复文件的总大小为{b}{c #25ab5e}%s{/c}{/b}，占所有文件总大小的{b}{c #25ab5e}%0.2f%%{/c}{/b}"/>
    <string name="STRID_DATAANALYSIS_WEIBO_SHARE_URL"   value="http://service.weibo.com/share/share.php?title="/>
		<string name="STRID_DATAANALYSIS_WEIBO_CONTENT"     value="＃快盘＃我在@快盘 存储了个数占%0.2f%%的“%s”文件，获得了“%s”的称号。快盘可以帮助你多台设备同步重要文件，您也来试试吧。http://www.kuaipan.cn"/>
		<string name="STRID_DATAANALYSIS_LEGEND_PICTURE"    value="图片占%0.2f%%"/>
		<string name="STRID_DATAANALYSIS_LEGEND_VIDEO"      value="视频占%0.2f%%"/>
		<string name="STRID_DATAANALYSIS_LEGEND_MUSIC"      value="音乐占%0.2f%%"/>
		<string name="STRID_DATAANALYSIS_LEGEND_DOCUMENT"   value="文档占%0.2f%%"/>
		<string name="STRID_DATAANALYSIS_LEGEND_OTHER"      value="其他占%0.2f%%"/>
		<string name="STRID_DATAANALYSIS_TITLE_PICTURE"     value="摄影达人"/>
		<string name="STRID_DATAANALYSIS_TITLE_VIDEO"       value="影视名人"/>
		<string name="STRID_DATAANALYSIS_TITLE_MUSIC"       value="音乐精灵"/>
		<string name="STRID_DATAANALYSIS_TITLE_DOCUMENT"    value="办公达人"/>
		<string name="STRID_DATAANALYSIS_TITLE_OTHER"       value="特殊人群"/>
		<string name="STRID_DATAANALYSIS_TYPE_PICTURE"      value="图片"/>
		<string name="STRID_DATAANALYSIS_TYPE_VIDEO"        value="视频"/>
		<string name="STRID_DATAANALYSIS_TYPE_MUSIC"        value="音乐"/>
		<string name="STRID_DATAANALYSIS_TYPE_DOCUMENT"     value="文档"/>
		<string name="STRID_DATAANALYSIS_TYPE_OTHER"        value="其他"/>
	</Group>

	<Group name="LatestLoginInfoDlg">
		<string name="STR_LATESTDLG_TITLE" value="上次登录信息"/>
		<string name="STR_LATESTDLG_CAPTION" value="%s上次登录的信息"/>
	</Group>

    <Group name="TrayDlg">
        <string name="STRID_TRAYDLG_SPACEDETAILS" value="空间：%s/%s"/>
        <string name="STRID_TRAYDLG_SPACEDETAILS_EXTRA" value="空间：%s/%s，点击领取100GB永久免费空间"/>
        <string name="STRID_TRAYDLG_LOCALNOTEXISTS" value="文件还没有下载到您的电脑上，请稍候..."/>
        <string name="STR_TRAYDLG_PAUSESYNC" value="已暂停同步"/>
        <string name="STR_TRAYDLG_DISCONNECT" value="网络已断开" />
    </Group>

    <Group name="FontName">
        <string name="STRID_FONT_SONGTI" value="宋体"/>
        <string name="STRID_FONT_MSYH" value="微软雅黑"/>
    </Group>

  <Group name="sharepreview" >
    <string name="STR_TRANSFER_PAUSED" value="传输暂停" />
    <string name="STR_SYNCING" value="同步中" />
    <string name="STR_UPLOADDING" value="上传中..." />
    <string name="STR_SYNCED" value="同步完成" />
    <string name="STR_SHARECANCELUSERFAIL" value="取消用户协作失败，请重试。" />
    <string name="STR_ALL_EXTS" value="所有文件" />
    <string name="STR_SELECT_FILE_OR_FOLDERS" value="请选择上传的文件或文件夹" />
    <string name="STR_NEW_SHARE_TITLE" value="创建协作" />
    <string name="STR_NEW_SHARE_EDIT_USER_TITLE" value="创建协作 - 添加成员" />
    <string name="STR_SHARE_EDIT_USER_TITLE" value="邀请协作" />
    <string name="STR_SHARE_SHAREDLIST_TITLE_FORMAT" value="已选联系人：(%d)" />
    <string name="STR_SHARE_SHAREDLIST_TITLE" value="已选联系人" />
    
    <string name="STR_SHAREPREVIEW_NEWSHARE" value="{x 71}马上协作" />
    <string name="STR_SHAREPREVIEW_MYSHARE" value="{x 71}我的协作" />
    
    <string name="STR_RENAME_FAIL_FILE_EXIST" value="文件名已存在，无法命名为 %s" />
    <string name="STR_RENAME_FAIL_FILE_EXIST_TITLE" value="重命名失败" />
    <string name="STR_RENAME_FAIL_CANNOT_EMPTY" value="文件名不能为空，请输入文件名。" />

    <string name="STR_CHECK_DELETE_FOLDER" value="确定要删除 “%s” 文件夹吗?" />
    <string name="STR_CHECK_DELETE_FILE" value="确定要删除 “%s” 文件吗?" />
    <string name="STR_CHECK_DELETE_ITEMS" value="确定要删除 “%s” 等%d个项目吗?" />
    <string name="STR_DELETE_ITEMS_FAIL" value="删除 “%s” 失败" />
    <string name="STR_DELETE_ITEMS_FAIL_CONTENT" value="请确认文件没有被占用" />

    <string name="STR_INVALID_INPUT_TOO_LONG" value="文件名长度超过系统限制的255个字符" />
    <string name="STR_INVALID_INPUT_ILLEGAL_CHARACTER" value="文件名不能包含任何以下字符：
/ : * ? &quot; &lt; &gt; |" />

    <string name="STR_INOUT_FILE_NOT_EXIST" value="输入的文件不存在，请选择已存在的文件！" />
  </Group>
    
</StringResources>