<?xml version="1.0" encoding="utf-8"?>
<!-- 
  字符串资源文件   
  为便于管理请遵循以下规则：
  1. 按功能或者模块分为一个Group，通用型的放到common组内
  2. name对应字符串id，value对应字符串值，在代码中通过DUI_LOAD_STRING宏加载，直接传递对应name即可,如DUI_LOAD_STRING(STRID_COMMON_SAMPLE)
  3. 字符串资源命名规则为 STRID_(GROUP NAME)_***.
-->
<StringResources>
	<Group name="Common">
        <string name="STRID_APPNAME" 				value="狸米学习" />
		<string name="STRID_DOWNLOADING" 			value="正在下载..." />
		<string name="STRID_DOWNLOAD_FAIL" 			value="下载失败" />
		<string name="STRID_INSTALLING" 			value="正在安装..." />
		<string name="STRID_UPDATTING" 				value="正在更新到版本%s..." />
		<string name="STRID_UPDATE_FAIL" 			value="更新失败" />
		<string name="STRID_ERROR_CODE" 			value=",错误码:" />
    </Group>
</StringResources>