<?xml version="1.0" encoding="UTF-8"?>
<Window>
  <HorizontalLayout >
    <HorizontalLayout name="winIconLayout" >
      <Container visible="false" name="winIcon" width="30" bkimage="file='common\icon.png' source='0,0,16,16' dest='5,12,21,28' " />
      <Label name="winTitle" endellipsis="true" text="关于" textcolor="#FFffffff" align="left|vcenter" padding="8,0,0,0"/>
    </HorizontalLayout>
    <HorizontalLayout name="sysBtnLayout" width="75" padding="0,8,12,0" childpadding="5">
      <Button name="sys_minbtn" padding="3,0,0,0" width="20" height="20" normalimage="file='common\minibtn.png' source='0,0,20,20'" hotimage="file='common\minibtn.png' source='20,0,40,20'" pushedimage="file='common\minibtn.png' source='40,0,60,20'" />
      <Button name="sys_closebtn" padding="0,0,0,0" width="20" height="20" normalimage="file='common/closebtn.png' source='0,0,20,20'" hotimage="file='common/closebtn.png' source='20,0,40,20'" pushedimage="file='common/closebtn.png' source='40,0,60,20'" tooltip="关闭" />
    </HorizontalLayout>
  </HorizontalLayout>
</Window>